"setting","dimension","n_posts","n_total","share","ci_lo","ci_hi"
"v1.1 headline","A",195,992,0.196572580645161,0.173032481933733,0.222453707837813
"v1.1 headline","B",50,992,0.0504032258064516,0.0384392374020957,0.0658359806647133
"v1.1 headline","C",27,992,0.0272177419354839,0.0187719575073543,0.0393111753924964
"v1.1 headline","D",720,992,0.725806451612903,0.697214014518498,0.752656727977096
"v1.0 frozen","A",202,992,0.203629032258065,0.17973477990226,0.229809870572274
"v1.0 frozen","B",60,992,0.0604838709677419,0.0472767696432291,0.0770819637135617
"v1.0 frozen","C",38,992,0.0383064516129032,0.0280341164215373,0.0521408832972935
"v1.0 frozen","D",692,992,0.69758064516129,0.668280820245612,0.725356079438033
"v1.1 threshold=1","A",275,992,0.277217741935484,0.250261930345534,0.305892381745867
"v1.1 threshold=1","B",81,992,0.0816532258064516,0.0661827527367312,0.100351362729022
"v1.1 threshold=1","C",68,992,0.0685483870967742,0.0544305457574097,0.0859949998313666
"v1.1 threshold=1","D",568,992,0.57258064516129,0.541573355531379,0.60302795455649
"v1.1 threshold=3","A",140,992,0.141129032258065,0.120845304391135,0.164181551285511
"v1.1 threshold=3","B",35,992,0.0352822580645161,0.0254767832899174,0.0486731618419189
"v1.1 threshold=3","C",12,992,0.0120967741935484,0.00693314870790461,0.0210247112569733
"v1.1 threshold=3","D",805,992,0.811491935483871,0.78596834501493,0.83461227744551
"v1.1 own posts only","A",180,947,0.190073917634636,0.166355272846652,0.2162968955061
"v1.1 own posts only","B",47,947,0.0496304118268215,0.0375260475150104,0.0653739518119017
"v1.1 own posts only","C",27,947,0.0285110876451954,0.0196672684310074,0.0411647355536731
"v1.1 own posts only","D",693,947,0.731784582893347,0.702672374393519,0.759023874487472
"v1.1 excluding reposts","A",147,883,0.16647791619479,0.143362982500288,0.192482336438292
"v1.1 excluding reposts","B",35,883,0.0396375990939977,0.0286367028002919,0.0546268698602599
"v1.1 excluding reposts","C",18,883,0.0203850509626274,0.0129326946008934,0.0319925772853149
"v1.1 excluding reposts","D",683,883,0.773499433748584,0.744740748770206,0.799888641641791
"v1.1 excluding COVID infographic series","A",195,829,0.235223160434258,0.207612647372364,0.265276314946521
"v1.1 excluding COVID infographic series","B",50,829,0.060313630880579,0.0460463832989719,0.0786371099367166
"v1.1 excluding COVID infographic series","C",27,829,0.0325693606755127,0.0224785491861031,0.046972352401906
"v1.1 excluding COVID infographic series","D",557,829,0.67189384800965,0.63920273271159,0.702999193801206
